datetime,deviceid,devicetype,readingtype,readingvalue
2023-03-09 12:32:13.949443,4782,Light,Light,66.03
2023-03-09 12:32:13.949443,1016,Sensor,Temperature,31.86
2023-03-10 12:32:13.949443,7185,Light,Light,16.26
2023-03-10 12:32:13.949443,8272,Thermostat,Motion,63.51
2023-03-13 12:32:13.949443,3947,Thermostat,Humidity,35.71
2023-03-14 12:32:13.949443,5816,Thermostat,Light,71.53
2023-03-15 12:32:13.949443,6893,Sensor,Temperature,69.3
2023-03-16 12:32:13.949443,8697,Camera,Temperature,82.77
2023-03-17 12:32:13.949443,2567,Sensor,Light,18.83
2023-03-19 12:32:13.949443,5369,Camera,Temperature,94.13
2023-03-23 12:32:13.949443,6996,Sensor,Light,10.77
2023-03-24 12:32:13.949443,3796,Light,Temperature,84.26
2023-03-25 12:32:13.949443,2357,Sensor,Motion,40.71
2023-03-26 12:32:13.949443,4162,Sensor,Motion,65.26
2023-03-27 12:32:13.949443,9459,Sensor,Light,70.67
2023-03-28 12:32:13.949443,5716,Thermostat,Motion,14.79
2023-03-30 12:32:13.949443,4419,Sensor,Temperature,32.46
2023-04-01 12:32:13.949443,8917,Sensor,Motion,41.25
2023-04-02 12:32:13.949443,1762,Sensor,Motion,27.12
2023-04-04 12:32:13.949443,1048,Sensor,Motion,96.83
2023-04-05 12:32:13.949443,8482,Thermostat,Motion,88.4
2023-04-05 12:32:13.949443,1094,Camera,Humidity,69.32
2023-04-06 12:32:13.949443,3084,Sensor,Temperature,29.78
2023-04-07 12:32:13.949443,4601,Thermostat,Temperature,49.96
2023-04-08 12:32:13.949443,5646,Sensor,Light,49.57
2023-04-08 12:32:13.949443,8087,Thermostat,Light,11.7
2023-04-09 12:32:13.949443,8692,Light,Temperature,61.49
2023-04-09 12:32:13.949443,5782,Camera,Motion,74.09
2023-04-09 12:32:13.949443,4076,Light,Temperature,39.58
2023-04-09 12:32:13.949443,1565,Light,Light,43.44
2023-04-10 12:32:13.949443,2995,Sensor,Motion,15.24
2023-04-10 12:32:13.949443,4454,Camera,Light,24.87
2023-04-13 12:32:13.949443,3391,Sensor,Humidity,59.46
2023-04-14 12:32:13.949443,4613,Camera,Temperature,59.67
2023-04-15 12:32:13.949443,4291,Sensor,Humidity,36.55
2023-04-20 12:32:13.949443,3082,Camera,Motion,76.79
2023-04-20 12:32:13.949443,3731,Camera,Light,42.39
2023-04-20 12:32:13.949443,1386,Sensor,Motion,29.57
2023-04-20 12:32:13.949443,3333,Thermostat,Temperature,27.62
2023-04-24 12:32:13.949443,3748,Sensor,Humidity,27.59
2023-04-26 12:32:13.949443,4121,Sensor,Motion,67.74
2023-04-26 12:32:13.949443,9375,Thermostat,Motion,66.95
2023-05-01 12:32:13.949443,9037,Light,Temperature,86.56
2023-05-02 12:32:13.949443,9472,Camera,Humidity,29.13
2023-05-02 12:32:13.949443,2087,Light,Light,63.62
2023-05-05 12:32:13.949443,3907,Camera,Light,19.27
2023-05-05 12:32:13.949443,9480,Light,Light,39.95
2023-05-05 12:32:13.949443,2834,Sensor,Humidity,69.78
2023-05-06 12:32:13.949443,2956,Light,Light,54.67
2023-05-06 12:32:13.949443,5460,Sensor,Light,46.48
2023-05-07 12:32:13.949443,5241,Sensor,Humidity,14.83
2023-05-07 12:32:13.949443,3198,Camera,Temperature,64.79
2023-05-08 12:32:13.949443,3344,Light,Temperature,67.76
2023-05-10 12:32:13.949443,7006,Camera,Temperature,88.46
2023-05-10 12:32:13.949443,6327,Light,Light,15.17
2023-05-12 12:32:13.949443,2953,Sensor,Temperature,32.04
2023-05-13 12:32:13.949443,5802,Camera,Light,94.81
2023-05-13 12:32:13.949443,6221,Camera,Light,36.42
2023-05-14 12:32:13.949443,8722,Thermostat,Motion,11.35
2023-05-14 12:32:13.949443,8333,Camera,Humidity,65.26
2023-05-16 12:32:13.949443,9329,Thermostat,Temperature,57.49
2023-05-16 12:32:13.949443,6736,Camera,Humidity,56.42
2023-05-16 12:32:13.949443,7299,Light,Temperature,78.42
2023-05-17 12:32:13.949443,9410,Light,Light,97.91
2023-05-17 12:32:13.949443,5269,Thermostat,Temperature,44.68
2023-05-18 12:32:13.949443,7922,Sensor,Temperature,52.23
2023-05-22 12:32:13.949443,8723,Light,Motion,32.71
2023-05-23 12:32:13.949443,3218,Sensor,Humidity,40.99
2023-05-24 12:32:13.949443,3491,Thermostat,Temperature,95.7
2023-05-24 12:32:13.949443,6597,Light,Humidity,21.25
2023-05-25 12:32:13.949443,9639,Sensor,Motion,22.96
2023-05-28 12:32:13.949443,5459,Thermostat,Motion,97.02
2023-05-28 12:32:13.949443,6176,Sensor,Humidity,17.72
2023-05-29 12:32:13.949443,4565,Camera,Light,42.26
2023-05-29 12:32:13.949443,1014,Light,Light,59.83
2023-05-30 12:32:13.949443,7592,Thermostat,Humidity,29.09
2023-05-30 12:32:13.949443,2508,Sensor,Motion,70.05
2023-06-01 12:32:13.949443,5784,Thermostat,Humidity,64.58
2023-06-01 12:32:13.949443,6084,Sensor,Temperature,48.77
2023-06-01 12:32:13.949443,4556,Sensor,Motion,19.69
2023-06-01 12:32:13.949443,6126,Camera,Motion,27.69
2023-06-01 12:32:13.949443,8689,Camera,Humidity,91.83
2023-06-03 12:32:13.949443,5476,Light,Light,73.42
2023-06-09 12:32:13.949443,7127,Light,Temperature,20.13
2023-06-10 12:32:13.949443,6154,Thermostat,Motion,43.72
2023-06-10 12:32:13.949443,7341,Camera,Motion,88.83
2023-06-11 12:32:13.949443,3565,Thermostat,Light,69.57
2023-06-12 12:32:13.949443,4792,Sensor,Humidity,34.86
2023-06-13 12:32:13.949443,5057,Sensor,Motion,44.48
2023-06-14 12:32:13.949443,8761,Light,Light,76.52
2023-06-14 12:32:13.949443,8478,Light,Temperature,29.52
2023-06-16 12:32:13.949443,5552,Camera,Humidity,97.26
2023-06-17 12:32:13.949443,3012,Sensor,Temperature,95.39
2023-06-17 12:32:13.949443,5721,Light,Light,61.93
2023-06-18 12:32:13.949443,2165,Camera,Temperature,91.52
2023-06-18 12:32:13.949443,8241,Sensor,Light,68.87
2023-06-19 12:32:13.949443,3469,Sensor,Motion,71.61
2023-06-20 12:32:13.949443,8016,Light,Motion,28.43
2023-06-21 12:32:13.949443,4243,Thermostat,Temperature,34.45
2023-06-21 12:32:13.949443,9243,Camera,Humidity,74.47
2023-06-22 12:32:13.949443,1773,Camera,Light,16.84
2023-06-23 12:32:13.949443,2652,Light,Light,46.64
2023-06-23 12:32:13.949443,9294,Camera,Temperature,57.75
2023-06-24 12:32:13.949443,3005,Camera,Temperature,84.72
2023-06-24 12:32:13.949443,9469,Sensor,Temperature,66.15
2023-06-25 12:32:13.949443,3775,Sensor,Motion,22.02
2023-06-26 12:32:13.949443,8579,Camera,Light,52.47
2023-06-27 12:32:13.949443,6941,Sensor,Humidity,43.11
2023-06-27 12:32:13.949443,3421,Camera,Motion,43.22
2023-06-28 12:32:13.949443,8044,Sensor,Light,60.96
2023-07-02 12:32:13.949443,9448,Thermostat,Motion,71.2
2023-07-03 12:32:13.949443,6798,Thermostat,Motion,11.88
2023-07-03 12:32:13.949443,2186,Thermostat,Temperature,93.68
2023-07-04 12:32:13.949443,2084,Thermostat,Temperature,53.48
2023-07-07 12:32:13.949443,4370,Thermostat,Humidity,79.78
2023-07-08 12:32:13.949443,6412,Sensor,Light,55.59
2023-07-08 12:32:13.949443,5575,Sensor,Temperature,95.37
2023-07-09 12:32:13.949443,6311,Light,Humidity,34.37
2023-07-09 12:32:13.949443,7619,Light,Light,38.48
2023-07-10 12:32:13.949443,1120,Thermostat,Humidity,64.66
2023-07-13 12:32:13.949443,6300,Camera,Humidity,67.03
2023-07-13 12:32:13.949443,2261,Camera,Light,54.42
2023-07-14 12:32:13.949443,9360,Light,Humidity,38.34
2023-07-14 12:32:13.949443,4317,Thermostat,Motion,48.2
2023-07-15 12:32:13.949443,6339,Thermostat,Humidity,28.66
2023-07-18 12:32:13.949443,4682,Camera,Light,52.11
2023-07-19 12:32:13.949443,8022,Light,Motion,21.21
2023-07-19 12:32:13.949443,6003,Sensor,Motion,30.98
2023-07-22 12:32:13.949443,9018,Sensor,Temperature,64.45
2023-07-23 12:32:13.949443,4571,Camera,Light,46.48
2023-07-23 12:32:13.949443,5704,Camera,Temperature,62.46
2023-07-24 12:32:13.949443,2583,Camera,Humidity,34.33
2023-07-25 12:32:13.949443,8412,Light,Motion,78.66
2023-07-25 12:32:13.949443,9173,Thermostat,Motion,95.07
2023-07-26 12:32:13.949443,5235,Camera,Light,79.25
2023-07-26 12:32:13.949443,8908,Sensor,Motion,76.45
2023-07-27 12:32:13.949443,4341,Sensor,Motion,12.36
2023-07-27 12:32:13.949443,7118,Light,Motion,78.96
2023-07-27 12:32:13.949443,5537,Light,Light,24.13
2023-07-27 12:32:13.949443,2576,Thermostat,Light,54.64
2023-07-28 12:32:13.949443,2223,Thermostat,Motion,49.21
2023-07-28 12:32:13.949443,5879,Light,Temperature,71.04
2023-07-31 12:32:13.949443,3510,Camera,Light,23.62
2023-08-01 12:32:13.949443,8525,Light,Light,30.44
2023-08-01 12:32:13.949443,9503,Camera,Motion,35.41
2023-08-01 12:32:13.949443,9150,Light,Temperature,92.17
2023-08-01 12:32:13.949443,4978,Thermostat,Temperature,44.69
2023-08-02 12:32:13.949443,1809,Light,Humidity,66.15
2023-08-02 12:32:13.949443,6940,Camera,Motion,94.42
2023-08-04 12:32:13.949443,7152,Sensor,Motion,60.96
2023-08-04 12:32:13.949443,4360,Thermostat,Humidity,32.56
2023-08-06 12:32:13.949443,7049,Sensor,Light,62.64
2023-08-06 12:32:13.949443,5997,Light,Humidity,54.15
2023-08-07 12:32:13.949443,1172,Camera,Temperature,24.78
2023-08-07 12:32:13.949443,2367,Light,Light,66.49
2023-08-08 12:32:13.949443,8831,Sensor,Motion,66.41
2023-08-08 12:32:13.949443,4464,Light,Light,86.62
2023-08-08 12:32:13.949443,1228,Sensor,Light,85.8
2023-08-09 12:32:13.949443,2525,Sensor,Humidity,44.04
2023-08-09 12:32:13.949443,8684,Thermostat,Temperature,11.87
2023-08-10 12:32:13.949443,3130,Light,Temperature,99.13
2023-08-11 12:32:13.949443,1113,Light,Humidity,78.67
2023-08-11 12:32:13.949443,8069,Light,Humidity,89.84
2023-08-11 12:32:13.949443,1734,Camera,Motion,34.91
2023-08-17 12:32:13.949443,4409,Light,Humidity,36.65
2023-08-18 12:32:13.949443,3742,Camera,Motion,86.77
2023-08-19 12:32:13.949443,3058,Camera,Humidity,36.78
2023-08-21 12:32:13.949443,3598,Light,Light,52.51
2023-08-22 12:32:13.949443,1957,Sensor,Light,83.84
2023-08-22 12:32:13.949443,1681,Sensor,Light,61.02
2023-08-22 12:32:13.949443,7717,Camera,Temperature,43.45
2023-08-22 12:32:13.949443,2774,Light,Light,13.26
2023-08-23 12:32:13.949443,7531,Camera,Humidity,49.07
2023-08-23 12:32:13.949443,5963,Thermostat,Humidity,31.34
2023-08-23 12:32:13.949443,6991,Sensor,Humidity,98.64
2023-08-23 12:32:13.949443,3281,Thermostat,Light,58.77
2023-08-25 12:32:13.949443,7787,Camera,Motion,85.84
2023-08-26 12:32:13.949443,7344,Light,Motion,58.41
2023-08-26 12:32:13.949443,1829,Thermostat,Temperature,29.57
2023-08-30 12:32:13.949443,6105,Camera,Motion,38.45
2023-08-31 12:32:13.949443,4808,Light,Temperature,87.44
2023-09-05 12:32:13.949443,1418,Light,Light,24.23
2023-09-07 12:32:13.949443,2832,Sensor,Humidity,26.89
2023-09-08 12:32:13.949443,7793,Camera,Humidity,67.55
2023-09-09 12:32:13.949443,7632,Light,Light,45.2
2023-09-10 12:32:13.949443,7473,Camera,Temperature,95.91
2023-09-11 12:32:13.949443,6691,Thermostat,Motion,56.31
2023-09-14 12:32:13.949443,8690,Camera,Temperature,90.75
2023-09-15 12:32:13.949443,4791,Light,Motion,11.25
2023-09-15 12:32:13.949443,4382,Thermostat,Motion,74.25
2023-09-18 12:32:13.949443,6479,Sensor,Motion,83.01
2023-09-20 12:32:13.949443,2529,Light,Temperature,15.23
2023-09-22 12:32:13.949443,6712,Light,Temperature,77.6
2023-09-22 12:32:13.949443,4398,Camera,Humidity,95.76
2023-09-23 12:32:13.949443,2430,Sensor,Humidity,39.37
2023-09-26 12:32:13.949443,2969,Thermostat,Light,38.17
2023-09-28 12:32:13.949443,9545,Camera,Temperature,15.33
2023-09-29 12:32:13.949443,3732,Thermostat,Humidity,65.9
2023-10-01 12:32:13.949443,4362,Light,Light,40.51
2023-10-01 12:32:13.949443,8795,Light,Temperature,55.24
2023-10-03 12:32:13.949443,4067,Thermostat,Motion,56.39
2023-10-05 12:32:13.949443,8049,Thermostat,Light,36.28
2023-10-06 12:32:13.949443,7162,Thermostat,Humidity,80.73
2023-10-07 12:32:13.949443,7777,Sensor,Humidity,69.13
2023-10-07 12:32:13.949443,8573,Light,Motion,13.29
2023-10-08 12:32:13.949443,3148,Sensor,Temperature,82.89
2023-10-08 12:32:13.949443,3924,Sensor,Temperature,67.04
2023-10-10 12:32:13.949443,7633,Light,Light,80.7
2023-10-10 12:32:13.949443,5848,Camera,Light,81.53
2023-10-11 12:32:13.949443,6407,Sensor,Light,64.12
2023-10-11 12:32:13.949443,4630,Sensor,Humidity,67.97
2023-10-12 12:32:13.949443,7629,Camera,Light,20.76
2023-10-14 12:32:13.949443,2148,Sensor,Motion,98.93
2023-10-16 12:32:13.949443,2658,Camera,Motion,87.0
2023-10-17 12:32:13.949443,6150,Light,Humidity,66.36
2023-10-18 12:32:13.949443,2046,Camera,Motion,30.38
2023-10-19 12:32:13.949443,4169,Thermostat,Temperature,64.97
2023-10-22 12:32:13.949443,4126,Sensor,Temperature,63.77
2023-10-22 12:32:13.949443,7098,Light,Light,68.2
2023-10-23 12:32:13.949443,2506,Thermostat,Temperature,24.75
2023-10-24 12:32:13.949443,8851,Camera,Humidity,60.65
2023-10-24 12:32:13.949443,1834,Thermostat,Humidity,68.29
2023-10-25 12:32:13.949443,9703,Thermostat,Light,76.79
2023-10-25 12:32:13.949443,4168,Light,Motion,17.43
2023-10-28 12:32:13.949443,7759,Thermostat,Motion,54.52
2023-10-28 12:32:13.949443,1320,Light,Humidity,87.42
2023-10-29 12:32:13.949443,5338,Camera,Motion,38.08
2023-10-30 12:32:13.949443,8209,Light,Temperature,95.06
2023-10-31 12:32:13.949443,5513,Light,Temperature,23.44
2023-10-31 12:32:13.949443,2081,Sensor,Humidity,22.64
2023-10-31 12:32:13.949443,7748,Thermostat,Humidity,50.73
2023-11-01 12:32:13.949443,4001,Thermostat,Humidity,30.18
2023-11-03 12:32:13.949443,2291,Camera,Humidity,75.6
2023-11-05 12:32:13.949443,6563,Sensor,Temperature,26.56
2023-11-06 12:32:13.949443,9117,Camera,Light,99.22
2023-11-07 12:32:13.949443,1518,Thermostat,Motion,80.95
2023-11-07 12:32:13.949443,5945,Sensor,Temperature,92.55
2023-11-07 12:32:13.949443,6559,Sensor,Humidity,62.87
2023-11-09 12:32:13.949443,9905,Thermostat,Light,67.08
2023-11-09 12:32:13.949443,8072,Light,Humidity,43.26
2023-11-10 12:32:13.949443,1424,Thermostat,Light,80.9
2023-11-10 12:32:13.949443,5359,Camera,Motion,19.85
2023-11-11 12:32:13.949443,7753,Light,Temperature,27.21
2023-11-11 12:32:13.949443,3580,Sensor,Light,76.17
2023-11-11 12:32:13.949443,7885,Sensor,Motion,46.2
2023-11-12 12:32:13.949443,1797,Camera,Temperature,82.12
2023-11-14 12:32:13.949443,9535,Thermostat,Light,60.53
2023-11-14 12:32:13.949443,8291,Sensor,Temperature,87.6
2023-11-15 12:32:13.949443,3266,Thermostat,Motion,56.58
2023-11-16 12:32:13.949443,5855,Camera,Temperature,28.39
2023-11-16 12:32:13.949443,7823,Thermostat,Humidity,44.37
2023-11-17 12:32:13.949443,4951,Thermostat,Motion,30.91
2023-11-19 12:32:13.949443,5675,Camera,Light,38.33
2023-11-20 12:32:13.949443,9851,Sensor,Motion,19.15
2023-11-22 12:32:13.949443,9756,Camera,Temperature,15.76
2023-11-25 12:32:13.949443,7293,Thermostat,Motion,92.82
2023-11-27 12:32:13.949443,9751,Light,Temperature,46.42
2023-11-28 12:32:13.949443,6870,Sensor,Temperature,70.27
2023-11-28 12:32:13.949443,1475,Sensor,Humidity,40.11
2023-11-30 12:32:13.949443,8940,Light,Light,14.69
2023-12-02 12:32:13.949443,1395,Camera,Humidity,60.72
2023-12-02 12:32:13.949443,7779,Sensor,Temperature,53.48
2023-12-02 12:32:13.949443,7817,Light,Temperature,82.93
2023-12-03 12:32:13.949443,8665,Light,Humidity,54.57
2023-12-04 12:32:13.949443,6511,Sensor,Humidity,99.9
2023-12-05 12:32:13.949443,1837,Light,Humidity,92.78
2023-12-06 12:32:13.949443,7211,Light,Humidity,41.14
2023-12-06 12:32:13.949443,9900,Sensor,Humidity,35.11
2023-12-06 12:32:13.949443,3196,Thermostat,Temperature,26.81
2023-12-07 12:32:13.949443,2928,Thermostat,Temperature,21.11
2023-12-10 12:32:13.949443,9484,Sensor,Humidity,62.61
2023-12-11 12:32:13.949443,6825,Light,Motion,64.7
2023-12-11 12:32:13.949443,1993,Light,Temperature,48.13
2023-12-13 12:32:13.949443,7346,Light,Light,63.22
2023-12-14 12:32:13.949443,7991,Sensor,Motion,77.97
2023-12-14 12:32:13.949443,5023,Sensor,Light,84.91
2023-12-15 12:32:13.949443,6344,Light,Light,80.32
2023-12-17 12:32:13.949443,2147,Camera,Light,50.08
2023-12-20 12:32:13.949443,9550,Thermostat,Humidity,44.06
2023-12-20 12:32:13.949443,7099,Sensor,Humidity,83.66
2023-12-21 12:32:13.949443,4295,Thermostat,Light,48.71
2023-12-22 12:32:13.949443,9734,Thermostat,Humidity,87.09
2023-12-22 12:32:13.949443,5196,Sensor,Temperature,77.28
2023-12-22 12:32:13.949443,1263,Thermostat,Humidity,70.28
2023-12-22 12:32:13.949443,4032,Light,Humidity,39.26
2023-12-22 12:32:13.949443,2760,Light,Motion,77.21
2023-12-24 12:32:13.949443,6217,Thermostat,Light,75.08
2023-12-24 12:32:13.949443,8088,Light,Motion,50.22
2023-12-25 12:32:13.949443,1314,Sensor,Humidity,65.89
2023-12-25 12:32:13.949443,6506,Light,Temperature,71.44
2023-12-26 12:32:13.949443,6255,Light,Humidity,76.9
2023-12-29 12:32:13.949443,6304,Light,Motion,47.12
2023-12-30 12:32:13.949443,5418,Light,Temperature,40.11
2023-12-30 12:32:13.949443,8359,Camera,Temperature,90.07
2023-12-31 12:32:13.949443,6781,Light,Humidity,29.47
2024-01-01 12:32:13.949443,9688,Light,Humidity,79.68
2024-01-01 12:32:13.949443,4258,Sensor,Motion,22.1
2024-01-01 12:32:13.949443,2937,Thermostat,Motion,89.42
2024-01-02 12:32:13.949443,3123,Sensor,Humidity,83.64
2024-01-05 12:32:13.949443,4317,Light,Motion,82.35
2024-01-05 12:32:13.949443,5084,Sensor,Humidity,58.28
2024-01-06 12:32:13.949443,8132,Thermostat,Temperature,75.84
2024-01-10 12:32:13.949443,3345,Camera,Motion,34.79
2024-01-11 12:32:13.949443,2769,Sensor,Light,60.27
2024-01-11 12:32:13.949443,2484,Sensor,Motion,46.64
2024-01-13 12:32:13.949443,3908,Camera,Light,75.14
2024-01-13 12:32:13.949443,5651,Sensor,Temperature,67.09
2024-01-13 12:32:13.949443,5389,Thermostat,Light,26.38
2024-01-13 12:32:13.949443,6068,Thermostat,Humidity,70.95
2024-01-15 12:32:13.949443,5058,Thermostat,Temperature,48.26
2024-01-16 12:32:13.949443,8564,Camera,Light,90.06
2024-01-16 12:32:13.949443,7096,Thermostat,Motion,12.35
2024-01-19 12:32:13.949443,5121,Light,Motion,82.02
2024-01-20 12:32:13.949443,3922,Camera,Light,89.93
2024-01-20 12:32:13.949443,9919,Light,Humidity,85.25
2024-01-22 12:32:13.949443,3747,Light,Humidity,35.92
2024-01-23 12:32:13.949443,7272,Thermostat,Temperature,42.66
2024-01-23 12:32:13.949443,1438,Light,Light,95.18
2024-01-23 12:32:13.949443,7454,Thermostat,Motion,72.95
2024-01-23 12:32:13.949443,8432,Sensor,Humidity,27.37
2024-01-24 12:32:13.949443,8391,Sensor,Motion,69.84
2024-01-26 12:32:13.949443,8465,Sensor,Light,52.54
2024-01-26 12:32:13.949443,5200,Camera,Humidity,60.09
2024-01-27 12:32:13.949443,5941,Sensor,Temperature,68.4
2024-01-28 12:32:13.949443,5299,Camera,Temperature,67.66
2024-01-29 12:32:13.949443,9203,Sensor,Temperature,50.69
2024-01-29 12:32:13.949443,8981,Sensor,Humidity,32.8
2024-01-30 12:32:13.949443,2846,Thermostat,Humidity,40.54
2024-01-30 12:32:13.949443,8626,Camera,Humidity,41.07
2024-01-31 12:32:13.949443,2780,Thermostat,Humidity,77.41
2024-01-31 12:32:13.949443,1954,Light,Temperature,61.95
2024-02-02 12:32:13.949443,7767,Thermostat,Temperature,37.77
2024-02-02 12:32:13.949443,7772,Thermostat,Humidity,29.99
2024-02-03 12:32:13.949443,3805,Thermostat,Motion,26.39
2024-02-07 12:32:13.949443,2004,Camera,Light,54.52
2024-02-09 12:32:13.949443,5377,Light,Motion,99.04
2024-02-11 12:32:13.949443,9725,Sensor,Motion,19.75
2024-02-11 12:32:13.949443,8801,Camera,Humidity,21.1
2024-02-11 12:32:13.949443,8946,Camera,Light,34.1
2024-02-12 12:32:13.949443,8502,Camera,Temperature,32.61
2024-02-14 12:32:13.949443,7292,Thermostat,Humidity,17.83
2024-02-14 12:32:13.949443,6344,Camera,Motion,51.43
2024-02-18 12:32:13.949443,4846,Thermostat,Humidity,61.08
2024-02-19 12:32:13.949443,1703,Thermostat,Humidity,16.82
2024-02-19 12:32:13.949443,8291,Sensor,Motion,31.98
2024-02-19 12:32:13.949443,7868,Camera,Humidity,82.06
2024-02-19 12:32:13.949443,8674,Sensor,Motion,76.11
2024-02-20 12:32:13.949443,6725,Light,Light,36.18
2024-02-23 12:32:13.949443,6355,Thermostat,Light,81.15
2024-02-24 12:32:13.949443,6197,Sensor,Light,58.37
2024-02-24 12:32:13.949443,3405,Camera,Light,98.01
2024-02-26 12:32:13.949443,7028,Thermostat,Light,51.08
2024-02-27 12:32:13.949443,8738,Camera,Motion,50.26
2024-02-27 12:32:13.949443,9264,Light,Motion,15.06
2024-02-28 12:32:13.949443,3836,Sensor,Motion,51.93
2024-02-29 12:32:13.949443,8371,Thermostat,Temperature,43.18
2024-02-29 12:32:13.949443,8276,Camera,Temperature,41.05
2024-03-01 12:32:13.949443,3831,Sensor,Temperature,85.55
2024-03-01 12:32:13.949443,9776,Sensor,Light,72.16
2024-03-01 12:32:13.949443,4675,Thermostat,Temperature,39.74
2024-03-02 12:32:13.949443,9143,Sensor,Motion,87.11
2024-03-02 12:32:13.949443,5060,Thermostat,Light,73.02
2024-03-02 12:32:13.949443,6699,Sensor,Humidity,49.44
2024-03-03 12:32:13.949443,7513,Light,Motion,73.72
2024-03-04 12:32:13.949443,6733,Sensor,Light,47.95
2024-03-04 12:32:13.949443,1450,Light,Humidity,81.5
2024-03-05 12:32:13.949443,4914,Sensor,Motion,95.33
2024-03-07 12:32:13.949443,6035,Light,Humidity,66.9
2024-03-07 12:32:13.949443,6773,Thermostat,Humidity,84.63
2024-03-08 12:32:13.949443,6778,Thermostat,Humidity,52.56
2024-03-09 12:32:13.949443,4115,Sensor,Light,35.67
2024-03-09 12:32:13.949443,3939,Sensor,Light,51.01
2024-03-12 12:32:13.949443,7511,Thermostat,Humidity,36.01
2024-03-12 12:32:13.949443,2219,Camera,Light,73.64
2024-03-14 12:32:13.949443,4349,Thermostat,Humidity,47.81
2024-03-15 12:32:13.949443,6677,Camera,Light,58.5
2024-03-15 12:32:13.949443,9899,Light,Motion,24.64
2024-03-17 12:32:13.949443,2791,Sensor,Humidity,20.65
2024-03-18 12:32:13.949443,9889,Thermostat,Humidity,25.68
2024-03-20 12:32:13.949443,8667,Sensor,Light,83.52
2024-03-22 12:32:13.949443,1193,Thermostat,Motion,95.29
2024-03-23 12:32:13.949443,1249,Light,Humidity,93.14
2024-03-24 12:32:13.949443,5031,Light,Humidity,88.58
2024-03-26 12:32:13.949443,5533,Camera,Humidity,23.76
2024-03-27 12:32:13.949443,1560,Camera,Humidity,57.44
2024-03-28 12:32:13.949443,2373,Thermostat,Humidity,52.61
2024-03-29 12:32:13.949443,4991,Thermostat,Humidity,25.78
2024-03-31 12:32:13.949443,5845,Sensor,Motion,26.02
2024-03-31 12:32:13.949443,7023,Light,Temperature,86.16
2024-03-31 12:32:13.949443,4928,Thermostat,Humidity,80.04
2024-04-02 12:32:13.949443,2194,Sensor,Light,63.06
2024-04-03 12:32:13.949443,6765,Thermostat,Temperature,32.92
2024-04-03 12:32:13.949443,6365,Sensor,Humidity,73.33
2024-04-04 12:32:13.949443,9096,Light,Motion,39.99
2024-04-04 12:32:13.949443,7568,Camera,Motion,78.96
2024-04-05 12:32:13.949443,1994,Camera,Temperature,74.86
2024-04-05 12:32:13.949443,3695,Sensor,Humidity,66.28
2024-04-05 12:32:13.949443,4796,Light,Light,42.68
2024-04-06 12:32:13.949443,9236,Camera,Humidity,98.17
2024-04-06 12:32:13.949443,9696,Sensor,Temperature,34.7
2024-04-06 12:32:13.949443,3018,Light,Light,79.61
2024-04-09 12:32:13.949443,3310,Thermostat,Humidity,30.43
2024-04-18 12:32:13.949443,6587,Light,Temperature,44.98
2024-04-20 12:32:13.949443,5653,Sensor,Temperature,73.45
2024-04-22 12:32:13.949443,3668,Light,Motion,46.5
2024-04-22 12:32:13.949443,5622,Sensor,Humidity,18.81
2024-04-24 12:32:13.949443,4586,Sensor,Humidity,37.88
2024-04-28 12:32:13.949443,7987,Thermostat,Humidity,33.25
2024-04-28 12:32:13.949443,1940,Thermostat,Motion,49.85
2024-04-30 12:32:13.949443,4568,Camera,Light,30.98
2024-05-03 12:32:13.949443,9766,Camera,Light,69.13
2024-05-03 12:32:13.949443,8001,Light,Motion,64.74
2024-05-06 12:32:13.949443,4275,Light,Temperature,49.25
2024-05-06 12:32:13.949443,8449,Light,Temperature,68.84
2024-05-06 12:32:13.949443,5386,Light,Light,16.16
2024-05-07 12:32:13.949443,6816,Thermostat,Motion,81.01
2024-05-09 12:32:13.949443,2529,Light,Humidity,46.65
2024-05-10 12:32:13.949443,3776,Light,Motion,24.28
2024-05-10 12:32:13.949443,6428,Thermostat,Temperature,65.86
2024-05-14 12:32:13.949443,9716,Sensor,Temperature,64.06
2024-05-14 12:32:13.949443,3869,Light,Humidity,95.85
2024-05-15 12:32:13.949443,4323,Light,Humidity,85.76
2024-05-16 12:32:13.949443,4806,Camera,Temperature,14.83
2024-05-16 12:32:13.949443,5219,Thermostat,Motion,82.34
2024-05-17 12:32:13.949443,4438,Sensor,Temperature,22.5
2024-05-18 12:32:13.949443,7037,Sensor,Humidity,87.17
2024-05-18 12:32:13.949443,8274,Sensor,Humidity,67.9
2024-05-21 12:32:13.949443,9346,Thermostat,Humidity,55.94
2024-05-22 12:32:13.949443,8870,Light,Temperature,25.93
2024-05-23 12:32:13.949443,9387,Thermostat,Motion,77.08
2024-05-25 12:32:13.949443,2890,Camera,Motion,57.8
2024-05-25 12:32:13.949443,2483,Light,Motion,60.73
2024-05-25 12:32:13.949443,9562,Camera,Humidity,74.25
2024-05-26 12:32:13.949443,4881,Thermostat,Temperature,21.66
2024-05-26 12:32:13.949443,3562,Light,Light,79.26
2024-05-27 12:32:13.949443,7840,Light,Motion,97.15
2024-05-27 12:32:13.949443,2710,Sensor,Light,26.2
2024-05-27 12:32:13.949443,2600,Thermostat,Temperature,94.79
2024-05-28 12:32:13.949443,3214,Sensor,Motion,30.99
2024-05-28 12:32:13.949443,7522,Camera,Light,78.5
2024-05-30 12:32:13.949443,7918,Thermostat,Motion,77.05
2024-05-31 12:32:13.949443,1915,Camera,Humidity,66.25
2024-05-31 12:32:13.949443,8813,Light,Motion,37.83
2024-06-01 12:32:13.949443,2798,Sensor,Light,99.15
2024-06-05 12:32:13.949443,6842,Light,Light,72.31
2024-06-06 12:32:13.949443,5075,Sensor,Motion,61.52
2024-06-14 12:32:13.949443,3486,Camera,Motion,90.47
2024-06-16 12:32:13.949443,8052,Light,Light,73.08
2024-06-16 12:32:13.949443,8639,Light,Motion,45.5
2024-06-17 12:32:13.949443,6439,Camera,Motion,93.6
2024-06-17 12:32:13.949443,5963,Light,Humidity,27.19
2024-06-18 12:32:13.949443,1334,Thermostat,Humidity,29.4
2024-06-18 12:32:13.949443,6448,Camera,Motion,66.86
2024-06-18 12:32:13.949443,5242,Light,Light,49.68
2024-06-21 12:32:13.949443,8815,Light,Humidity,51.76
2024-06-22 12:32:13.949443,6100,Camera,Light,56.18
2024-06-25 12:32:13.949443,8569,Light,Light,87.18
2024-06-27 12:32:13.949443,4660,Thermostat,Light,78.69
2024-06-27 12:32:13.949443,1078,Thermostat,Humidity,84.27
2024-06-28 12:32:13.949443,6365,Camera,Light,20.8
2024-06-28 12:32:13.949443,4984,Sensor,Motion,85.11
2024-06-29 12:32:13.949443,1268,Sensor,Temperature,16.86
2024-07-01 12:32:13.949443,7748,Sensor,Motion,40.32
2024-07-02 12:32:13.949443,1279,Camera,Humidity,82.48
2024-07-03 12:32:13.949443,3934,Thermostat,Humidity,77.24
2024-07-03 12:32:13.949443,4446,Light,Temperature,66.86
2024-07-04 12:32:13.949443,6110,Sensor,Temperature,18.8
2024-07-05 12:32:13.949443,5104,Sensor,Temperature,44.36
2024-07-06 12:32:13.949443,4619,Light,Light,71.94
2024-07-06 12:32:13.949443,6691,Sensor,Temperature,77.52
2024-07-10 12:32:13.949443,7907,Light,Motion,93.23
2024-07-10 12:32:13.949443,1987,Light,Light,19.04
2024-07-12 12:32:13.949443,3460,Thermostat,Temperature,47.83
2024-07-13 12:32:13.949443,3038,Camera,Temperature,93.88
2024-07-14 12:32:13.949443,2197,Sensor,Motion,52.09
2024-07-16 12:32:13.949443,5183,Camera,Humidity,66.76
2024-07-20 12:32:13.949443,9028,Camera,Motion,66.78
2024-07-21 12:32:13.949443,7824,Sensor,Light,13.03
2024-07-21 12:32:13.949443,1262,Light,Temperature,52.64
2024-07-22 12:32:13.949443,4526,Thermostat,Motion,31.09
2024-07-23 12:32:13.949443,7247,Light,Temperature,66.22
2024-07-25 12:32:13.949443,5179,Sensor,Motion,38.86
2024-07-25 12:32:13.949443,2030,Camera,Temperature,49.25
2024-07-26 12:32:13.949443,6049,Light,Light,54.93
2024-07-27 12:32:13.949443,9144,Thermostat,Motion,80.83
2024-07-27 12:32:13.949443,8756,Thermostat,Humidity,33.19
2024-07-28 12:32:13.949443,6418,Sensor,Light,53.03
2024-07-28 12:32:13.949443,4160,Sensor,Temperature,38.15
2024-07-29 12:32:13.949443,6837,Camera,Light,62.03
2024-07-29 12:32:13.949443,5449,Light,Temperature,88.13
2024-07-30 12:32:13.949443,7599,Sensor,Humidity,60.79
2024-07-30 12:32:13.949443,4415,Light,Light,71.43
2024-07-30 12:32:13.949443,9479,Camera,Motion,89.11
2024-08-01 12:32:13.949443,4941,Light,Light,98.18
2024-08-02 12:32:13.949443,5811,Sensor,Humidity,57.49
2024-08-04 12:32:13.949443,2648,Sensor,Humidity,33.94
2024-08-05 12:32:13.949443,4154,Camera,Motion,43.24
2024-08-05 12:32:13.949443,9880,Thermostat,Light,59.04
2024-08-05 12:32:13.949443,7020,Camera,Humidity,19.41
2024-08-07 12:32:13.949443,9580,Camera,Motion,17.82
2024-08-07 12:32:13.949443,1488,Sensor,Temperature,36.42
2024-08-07 12:32:13.949443,8262,Thermostat,Light,21.22
2024-08-08 12:32:13.949443,1711,Light,Motion,98.27
2024-08-08 12:32:13.949443,8752,Light,Motion,89.77
2024-08-10 12:32:13.949443,7677,Light,Humidity,28.17
2024-08-11 12:32:13.949443,4171,Light,Temperature,63.8
2024-08-11 12:32:13.949443,4973,Camera,Humidity,86.27
2024-08-12 12:32:13.949443,8562,Camera,Humidity,28.85
2024-08-12 12:32:13.949443,7072,Sensor,Light,84.73
2024-08-13 12:32:13.949443,9108,Thermostat,Temperature,49.72
2024-08-14 12:32:13.949443,3366,Light,Temperature,55.73
2024-08-14 12:32:13.949443,8421,Sensor,Light,55.22
2024-08-14 12:32:13.949443,6319,Light,Temperature,30.3
2024-08-15 12:32:13.949443,6378,Camera,Light,37.23
2024-08-15 12:32:13.949443,7114,Thermostat,Motion,99.18
2024-08-16 12:32:13.949443,3726,Sensor,Light,55.66
2024-08-16 12:32:13.949443,6127,Camera,Light,86.18
2024-08-17 12:32:13.949443,6628,Sensor,Temperature,50.77
2024-08-18 12:32:13.949443,1121,Sensor,Temperature,45.51
2024-08-18 12:32:13.949443,6400,Thermostat,Light,38.94
2024-08-18 12:32:13.949443,1628,Camera,Humidity,74.06
2024-08-18 12:32:13.949443,2016,Sensor,Light,71.2
2024-08-18 12:32:13.949443,8754,Thermostat,Humidity,57.13
2024-08-18 12:32:13.949443,9334,Camera,Temperature,15.56
2024-08-18 12:32:13.949443,1531,Sensor,Motion,29.04
2024-08-19 12:32:13.949443,3194,Light,Humidity,73.85
2024-08-19 12:32:13.949443,1190,Sensor,Motion,27.26
2024-08-19 12:32:13.949443,7165,Thermostat,Temperature,57.15
2024-08-22 12:32:13.949443,1125,Light,Motion,38.97
2024-08-23 12:32:13.949443,5810,Sensor,Temperature,36.79
2024-08-25 12:32:13.949443,5206,Camera,Humidity,31.46
2024-08-25 12:32:13.949443,4750,Thermostat,Light,39.71
2024-08-26 12:32:13.949443,5652,Thermostat,Light,44.37
2024-08-28 12:32:13.949443,2579,Sensor,Light,95.01
2024-08-29 12:32:13.949443,2727,Camera,Temperature,38.31
2024-08-31 12:32:13.949443,8667,Light,Humidity,61.97
2024-08-31 12:32:13.949443,3701,Camera,Temperature,56.79
2024-08-31 12:32:13.949443,1570,Camera,Humidity,63.42
2024-09-01 12:32:13.949443,8852,Thermostat,Humidity,37.88
2024-09-03 12:32:13.949443,8352,Light,Light,74.64
2024-09-03 12:32:13.949443,1212,Light,Light,49.62
2024-09-04 12:32:13.949443,9209,Camera,Light,59.32
2024-09-06 12:32:13.949443,7013,Light,Light,49.24
2024-09-06 12:32:13.949443,3211,Thermostat,Motion,12.04
2024-09-06 12:32:13.949443,4916,Sensor,Temperature,37.31
2024-09-06 12:32:13.949443,2696,Sensor,Humidity,96.11
2024-09-09 12:32:13.949443,1999,Sensor,Motion,71.9
2024-09-10 12:32:13.949443,5695,Camera,Temperature,36.74
2024-09-10 12:32:13.949443,8083,Sensor,Humidity,95.83
2024-09-12 12:32:13.949443,9583,Sensor,Motion,52.79
2024-09-12 12:32:13.949443,7130,Sensor,Light,91.71
2024-09-12 12:32:13.949443,2400,Sensor,Humidity,71.28
2024-09-13 12:32:13.949443,8190,Camera,Temperature,24.29
2024-09-14 12:32:13.949443,5314,Thermostat,Motion,34.55
2024-09-14 12:32:13.949443,7729,Light,Humidity,54.2
2024-09-14 12:32:13.949443,9771,Light,Temperature,26.11
2024-09-14 12:32:13.949443,3576,Light,Motion,88.07
2024-09-15 12:32:13.949443,9299,Camera,Light,48.38
2024-09-15 12:32:13.949443,2254,Light,Light,25.2
2024-09-15 12:32:13.949443,4270,Camera,Light,56.06
2024-09-16 12:32:13.949443,7498,Light,Humidity,19.07
2024-09-16 12:32:13.949443,5361,Camera,Motion,30.21
2024-09-16 12:32:13.949443,2464,Thermostat,Light,36.5
2024-09-16 12:32:13.949443,4436,Camera,Motion,34.43
2024-09-19 12:32:13.949443,9602,Sensor,Light,39.68
2024-09-21 12:32:13.949443,4305,Sensor,Motion,13.44
2024-09-24 12:32:13.949443,1951,Thermostat,Motion,99.77
2024-09-26 12:32:13.949443,3425,Sensor,Temperature,56.22
2024-09-26 12:32:13.949443,4540,Camera,Humidity,80.28
2024-09-29 12:32:13.949443,9882,Camera,Motion,49.13
2024-09-30 12:32:13.949443,4962,Camera,Humidity,45.51
2024-10-04 12:32:13.949443,4777,Camera,Temperature,53.25
2024-10-04 12:32:13.949443,6005,Light,Motion,74.27
2024-10-04 12:32:13.949443,2976,Thermostat,Motion,77.18
2024-10-05 12:32:13.949443,2937,Light,Light,80.14
2024-10-05 12:32:13.949443,2685,Sensor,Motion,71.87
2024-10-06 12:32:13.949443,4521,Thermostat,Humidity,88.38
2024-10-07 12:32:13.949443,1870,Camera,Light,37.35
2024-10-07 12:32:13.949443,9010,Camera,Humidity,43.32
2024-10-08 12:32:13.949443,4142,Light,Light,60.88
2024-10-10 12:32:13.949443,5787,Sensor,Temperature,73.92
2024-10-10 12:32:13.949443,5241,Thermostat,Temperature,58.81
2024-10-11 12:32:13.949443,7512,Camera,Humidity,22.86
2024-10-11 12:32:13.949443,7328,Camera,Temperature,13.46
2024-10-12 12:32:13.949443,1622,Light,Light,81.36
2024-10-13 12:32:13.949443,9774,Camera,Motion,78.76
2024-10-18 12:32:13.949443,2553,Camera,Motion,94.61
2024-10-18 12:32:13.949443,1811,Light,Light,83.71
2024-10-19 12:32:13.949443,2108,Sensor,Humidity,25.14
2024-10-20 12:32:13.949443,6864,Camera,Light,55.85
2024-10-20 12:32:13.949443,3770,Camera,Motion,99.57
2024-10-21 12:32:13.949443,7182,Sensor,Humidity,39.64
2024-10-22 12:32:13.949443,6913,Camera,Humidity,75.94
2024-10-23 12:32:13.949443,4840,Camera,Humidity,95.78
2024-10-24 12:32:13.949443,5927,Light,Light,62.32
2024-10-26 12:32:13.949443,4521,Light,Motion,85.8
2024-10-26 12:32:13.949443,8771,Light,Temperature,25.75
2024-10-26 12:32:13.949443,3133,Thermostat,Temperature,33.99
2024-10-28 12:32:13.949443,4689,Thermostat,Motion,72.27
2024-10-29 12:32:13.949443,7161,Thermostat,Motion,38.52
2024-10-31 12:32:13.949443,4407,Camera,Temperature,64.84
2024-11-01 12:32:13.949443,6019,Sensor,Light,28.81
2024-11-05 12:32:13.949443,7851,Sensor,Light,66.88
2024-11-08 12:32:13.949443,9106,Sensor,Humidity,48.67
2024-11-09 12:32:13.949443,9717,Thermostat,Motion,72.01
2024-11-09 12:32:13.949443,9939,Thermostat,Light,42.24
2024-11-09 12:32:13.949443,3461,Sensor,Humidity,82.15
2024-11-10 12:32:13.949443,5660,Sensor,Humidity,59.59
2024-11-11 12:32:13.949443,6334,Camera,Temperature,72.61
2024-11-12 12:32:13.949443,8037,Light,Temperature,44.96
2024-11-13 12:32:13.949443,6853,Camera,Humidity,42.29
2024-11-13 12:32:13.949443,8907,Light,Humidity,41.0
2024-11-15 12:32:13.949443,7389,Camera,Light,87.36
2024-11-16 12:32:13.949443,6450,Light,Light,31.82
2024-11-18 12:32:13.949443,7102,Light,Light,25.79
2024-11-18 12:32:13.949443,9837,Thermostat,Humidity,28.37
2024-11-21 12:32:13.949443,4181,Light,Light,48.58
2024-11-22 12:32:13.949443,7425,Sensor,Temperature,74.39
2024-11-26 12:32:13.949443,9779,Camera,Light,44.51
2024-11-28 12:32:13.949443,9583,Camera,Light,23.4
2024-11-28 12:32:13.949443,8074,Sensor,Temperature,31.94
2024-11-28 12:32:13.949443,6083,Sensor,Temperature,60.35
2024-11-29 12:32:13.949443,9482,Thermostat,Humidity,59.17
2024-11-29 12:32:13.949443,8017,Light,Light,70.42
2024-11-30 12:32:13.949443,6768,Sensor,Light,81.25
2024-11-30 12:32:13.949443,6052,Sensor,Light,86.54
2024-12-01 12:32:13.949443,3617,Sensor,Motion,46.69
2024-12-02 12:32:13.949443,2471,Light,Motion,59.24
2024-12-02 12:32:13.949443,7249,Camera,Humidity,49.86
2024-12-04 12:32:13.949443,9916,Sensor,Light,77.79
2024-12-05 12:32:13.949443,1811,Camera,Temperature,37.31
2024-12-05 12:32:13.949443,6228,Thermostat,Light,83.82
2024-12-07 12:32:13.949443,5617,Light,Motion,83.95
2024-12-07 12:32:13.949443,3942,Light,Humidity,82.5
2024-12-09 12:32:13.949443,6104,Sensor,Light,76.28
2024-12-11 12:32:13.949443,2986,Thermostat,Humidity,96.6
2024-12-12 12:32:13.949443,5834,Thermostat,Temperature,35.04
2024-12-14 12:32:13.949443,5654,Light,Humidity,72.87
2024-12-15 12:32:13.949443,9368,Light,Humidity,86.23
2024-12-15 12:32:13.949443,8639,Light,Light,40.78
2024-12-15 12:32:13.949443,9049,Light,Humidity,36.36
2024-12-19 12:32:13.949443,4060,Thermostat,Motion,51.41
2024-12-21 12:32:13.949443,1512,Sensor,Temperature,86.36
2024-12-21 12:32:13.949443,2991,Sensor,Light,37.71
2024-12-21 12:32:13.949443,8991,Sensor,Motion,34.73
2024-12-21 12:32:13.949443,6337,Camera,Light,58.16
2024-12-21 12:32:13.949443,3728,Sensor,Humidity,73.01
2024-12-22 12:32:13.949443,1419,Sensor,Temperature,23.41
2024-12-22 12:32:13.949443,2871,Light,Light,15.12
2024-12-23 12:32:13.949443,1995,Camera,Humidity,79.07
2024-12-23 12:32:13.949443,1789,Camera,Light,55.32
2024-12-24 12:32:13.949443,6253,Thermostat,Humidity,52.4
2024-12-24 12:32:13.949443,9208,Thermostat,Light,25.0
2024-12-27 12:32:13.949443,8862,Light,Light,53.8
2024-12-27 12:32:13.949443,3503,Sensor,Motion,11.02
2024-12-27 12:32:13.949443,5293,Sensor,Light,76.74
2024-12-27 12:32:13.949443,3967,Thermostat,Humidity,59.17
2024-12-28 12:32:13.949443,9221,Sensor,Light,70.01
2024-12-29 12:32:13.949443,9388,Camera,Humidity,91.32
2024-12-29 12:32:13.949443,7571,Camera,Temperature,98.75
2024-12-29 12:32:13.949443,5932,Thermostat,Temperature,63.2
2024-12-30 12:32:13.949443,3536,Camera,Humidity,15.15
2025-01-01 12:32:13.949443,1805,Camera,Humidity,53.21
2025-01-01 12:32:13.949443,1340,Camera,Humidity,48.62
2025-01-03 12:32:13.949443,9365,Camera,Temperature,31.18
2025-01-06 12:32:13.949443,3868,Thermostat,Motion,60.7
2025-01-07 12:32:13.949443,4785,Sensor,Motion,87.49
2025-01-08 12:32:13.949443,3565,Light,Light,44.71
2025-01-08 12:32:13.949443,2603,Camera,Humidity,39.36
2025-01-08 12:32:13.949443,5468,Sensor,Humidity,72.88
2025-01-09 12:32:13.949443,8516,Light,Light,85.97
2025-01-09 12:32:13.949443,7020,Light,Humidity,14.23
2025-01-10 12:32:13.949443,1489,Sensor,Light,62.83
2025-01-11 12:32:13.949443,5047,Light,Light,65.14
2025-01-14 12:32:13.949443,7169,Thermostat,Motion,92.29
2025-01-14 12:32:13.949443,9236,Thermostat,Temperature,69.98
2025-01-15 12:32:13.949443,5725,Camera,Temperature,53.65
2025-01-16 12:32:13.949443,1898,Thermostat,Motion,95.01
2025-01-16 12:32:13.949443,7277,Camera,Motion,97.47
2025-01-16 12:32:13.949443,9298,Sensor,Light,34.87
2025-01-17 12:32:13.949443,8003,Sensor,Light,99.45
2025-01-18 12:32:13.949443,6487,Camera,Light,11.67
2025-01-18 12:32:13.949443,1245,Camera,Temperature,77.17
2025-01-19 12:32:13.949443,7673,Light,Motion,55.94
2025-01-20 12:32:13.949443,4179,Thermostat,Humidity,36.98
2025-01-20 12:32:13.949443,8184,Thermostat,Humidity,72.52
2025-01-23 12:32:13.949443,9185,Thermostat,Motion,36.14
2025-01-26 12:32:13.949443,1272,Light,Temperature,34.35
2025-01-26 12:32:13.949443,9358,Thermostat,Motion,16.84
2025-01-28 12:32:13.949443,8378,Thermostat,Light,23.05
2025-01-29 12:32:13.949443,8305,Light,Temperature,31.68
2025-01-31 12:32:13.949443,6447,Sensor,Light,59.43
2025-02-01 12:32:13.949443,6599,Light,Light,92.97
2025-02-01 12:32:13.949443,1502,Light,Temperature,24.46
2025-02-01 12:32:13.949443,8093,Light,Humidity,76.18
2025-02-05 12:32:13.949443,1532,Thermostat,Temperature,80.64
2025-02-07 12:32:13.949443,2468,Light,Humidity,50.63
2025-02-08 12:32:13.949443,9434,Camera,Light,68.94
2025-02-08 12:32:13.949443,6436,Camera,Temperature,93.17
2025-02-08 12:32:13.949443,2755,Thermostat,Motion,48.92
2025-02-09 12:32:13.949443,7836,Sensor,Light,66.21
2025-02-09 12:32:13.949443,7150,Light,Light,58.02
2025-02-10 12:32:13.949443,6985,Thermostat,Temperature,57.42
2025-02-11 12:32:13.949443,6757,Light,Temperature,59.79
2025-02-11 12:32:13.949443,7994,Light,Humidity,23.25
2025-02-14 12:32:13.949443,2070,Camera,Light,67.09
2025-02-15 12:32:13.949443,3644,Light,Temperature,13.59
2025-02-15 12:32:13.949443,8968,Camera,Motion,85.31
2025-02-16 12:32:13.949443,6843,Light,Humidity,39.59
2025-02-16 12:32:13.949443,3194,Thermostat,Motion,74.23
2025-02-16 12:32:13.949443,9364,Light,Motion,48.76
2025-02-19 12:32:13.949443,4534,Thermostat,Light,73.89
2025-02-19 12:32:13.949443,1295,Sensor,Humidity,71.12
2025-02-21 12:32:13.949443,6395,Sensor,Temperature,62.9
2025-02-24 12:32:13.949443,6716,Thermostat,Light,21.41
2025-02-24 12:32:13.949443,7915,Thermostat,Light,72.81
2025-02-25 12:32:13.949443,3366,Sensor,Humidity,77.72
2025-02-27 12:32:13.949443,2503,Light,Humidity,50.65
2025-02-28 12:32:13.949443,9359,Thermostat,Light,14.46
2025-02-28 12:32:13.949443,5633,Light,Temperature,44.81
2025-03-01 12:32:13.949443,8288,Camera,Humidity,55.08
2025-03-01 12:32:13.949443,7848,Sensor,Light,63.67
2025-03-02 12:32:13.949443,6111,Light,Temperature,97.64
2025-03-02 12:32:13.949443,6482,Thermostat,Light,35.43
2025-03-03 12:32:13.949443,6694,Camera,Temperature,28.09
2025-03-08 12:32:13.949443,7848,Camera,Motion,27.51
2025-03-08 12:32:13.949443,7952,Sensor,Motion,11.14
2025-03-09 12:32:13.949443,5900,Light,Temperature,98.66
2025-03-12 12:32:13.949443,2408,Camera,Light,58.17
2025-03-14 12:32:13.949443,6499,Thermostat,Humidity,93.95
2025-03-14 12:32:13.949443,9327,Light,Motion,98.74
2025-03-14 12:32:13.949443,6072,Camera,Temperature,56.48
2025-03-14 12:32:13.949443,1322,Light,Motion,11.21
2025-03-16 12:32:13.949443,2131,Sensor,Humidity,38.81
2025-03-16 12:32:13.949443,6876,Light,Humidity,40.53
2025-03-17 12:32:13.949443,2828,Camera,Temperature,53.03
2025-03-18 12:32:13.949443,4876,Camera,Light,27.99
2025-03-19 12:32:13.949443,9150,Light,Light,50.56
2025-03-20 12:32:13.949443,4727,Thermostat,Humidity,78.28
2025-03-22 12:32:13.949443,4376,Camera,Humidity,99.64
2025-03-23 12:32:13.949443,2800,Light,Temperature,63.11
2025-03-23 12:32:13.949443,9647,Thermostat,Humidity,26.38
2025-03-24 12:32:13.949443,6549,Thermostat,Light,28.46
2025-03-24 12:32:13.949443,1755,Camera,Humidity,90.59
2025-03-24 12:32:13.949443,2094,Camera,Humidity,75.51
2025-03-24 12:32:13.949443,1260,Light,Humidity,24.27
2025-03-28 12:32:13.949443,9931,Thermostat,Motion,85.59
2025-03-28 12:32:13.949443,4348,Camera,Temperature,91.62
2025-03-29 12:32:13.949443,3830,Camera,Temperature,57.25
2025-04-01 12:32:13.949443,4346,Light,Light,27.07
2025-04-01 12:32:13.949443,1565,Light,Temperature,83.17
2025-04-01 12:32:13.949443,3570,Camera,Motion,32.46
2025-04-02 12:32:13.949443,9213,Light,Motion,20.62
2025-04-03 12:32:13.949443,2343,Camera,Light,31.09
2025-04-03 12:32:13.949443,6623,Sensor,Humidity,31.75
2025-04-04 12:32:13.949443,7162,Light,Light,80.18
2025-04-04 12:32:13.949443,4097,Light,Motion,72.05
2025-04-05 12:32:13.949443,3550,Camera,Light,34.77
2025-04-05 12:32:13.949443,4966,Camera,Humidity,15.31
2025-04-05 12:32:13.949443,9102,Light,Light,33.17
2025-04-06 12:32:13.949443,5703,Sensor,Light,59.91
2025-04-07 12:32:13.949443,4967,Sensor,Humidity,28.52
2025-04-09 12:32:13.949443,8395,Thermostat,Humidity,28.95
2025-04-10 12:32:13.949443,3235,Sensor,Motion,93.62
2025-04-11 12:32:13.949443,5290,Light,Motion,71.41
2025-04-13 12:32:13.949443,3338,Thermostat,Light,85.84
2025-04-13 12:32:13.949443,7984,Sensor,Light,72.43
2025-04-14 12:32:13.949443,8073,Thermostat,Motion,91.49
2025-04-14 12:32:13.949443,7092,Sensor,Temperature,50.39
2025-04-17 12:32:13.949443,2392,Light,Humidity,73.35
2025-04-18 12:32:13.949443,9149,Thermostat,Temperature,19.43
2025-04-19 12:32:13.949443,5662,Light,Motion,80.42
2025-04-19 12:32:13.949443,1181,Camera,Humidity,74.35
2025-04-20 12:32:13.949443,9085,Sensor,Temperature,46.18
2025-04-24 12:32:13.949443,4452,Sensor,Motion,44.32
2025-04-30 12:32:13.949443,9642,Sensor,Light,61.35
2025-04-30 12:32:13.949443,8646,Camera,Humidity,30.42
2025-05-01 12:32:13.949443,6253,Thermostat,Temperature,18.86
2025-05-01 12:32:13.949443,3260,Light,Humidity,35.35
2025-05-02 12:32:13.949443,4278,Light,Humidity,72.78
2025-05-02 12:32:13.949443,8358,Light,Humidity,32.49
2025-05-03 12:32:13.949443,6034,Camera,Humidity,92.85
2025-05-03 12:32:13.949443,9056,Light,Light,55.06
2025-05-04 12:32:13.949443,4692,Sensor,Humidity,37.97
2025-05-04 12:32:13.949443,9157,Thermostat,Light,28.78
2025-05-06 12:32:13.949443,2576,Light,Motion,30.7
2025-05-07 12:32:13.949443,6331,Sensor,Humidity,30.93
2025-05-08 12:32:13.949443,1290,Sensor,Motion,45.46
2025-05-10 12:32:13.949443,8299,Sensor,Motion,33.91
2025-05-12 12:32:13.949443,8821,Light,Light,73.49
2025-05-12 12:32:13.949443,8004,Sensor,Temperature,92.34
2025-05-14 12:32:13.949443,4684,Light,Temperature,57.78
2025-05-14 12:32:13.949443,3972,Camera,Humidity,97.58
2025-05-15 12:32:13.949443,4049,Thermostat,Light,68.98
2025-05-16 12:32:13.949443,3308,Thermostat,Motion,22.67
2025-05-16 12:32:13.949443,7202,Camera,Humidity,52.33
2025-05-16 12:32:13.949443,9278,Sensor,Motion,94.87
2025-05-16 12:32:13.949443,2213,Light,Light,73.04
2025-05-18 12:32:13.949443,3680,Sensor,Motion,31.73
2025-05-18 12:32:13.949443,5159,Camera,Light,31.76
2025-05-18 12:32:13.949443,3601,Thermostat,Humidity,61.05
2025-05-20 12:32:13.949443,3756,Camera,Humidity,60.55
2025-05-20 12:32:13.949443,7062,Sensor,Light,27.25
2025-05-20 12:32:13.949443,2235,Sensor,Motion,79.89
2025-05-25 12:32:13.949443,6639,Thermostat,Temperature,41.56
2025-05-26 12:32:13.949443,2957,Camera,Light,62.57
2025-05-26 12:32:13.949443,2136,Camera,Humidity,27.65
2025-05-27 12:32:13.949443,5618,Sensor,Temperature,44.32
2025-05-27 12:32:13.949443,1943,Sensor,Motion,54.05
2025-05-28 12:32:13.949443,5973,Light,Humidity,85.67
2025-05-29 12:32:13.949443,4818,Sensor,Motion,14.4
2025-05-29 12:32:13.949443,7750,Thermostat,Light,45.89
2025-05-29 12:32:13.949443,9327,Camera,Temperature,87.26
2025-05-30 12:32:13.949443,1076,Thermostat,Humidity,30.87
2025-05-30 12:32:13.949443,2708,Thermostat,Temperature,21.81
2025-05-31 12:32:13.949443,3615,Thermostat,Light,44.9
2025-06-01 12:32:13.949443,1964,Thermostat,Humidity,64.27
2025-06-02 12:32:13.949443,2430,Camera,Temperature,80.67
2025-06-02 12:32:13.949443,5284,Light,Light,65.36
2025-06-03 12:32:13.949443,4284,Sensor,Temperature,12.12
2025-06-03 12:32:13.949443,5637,Sensor,Motion,78.95
2025-06-05 12:32:13.949443,4664,Sensor,Light,64.09
2025-06-06 12:32:13.949443,4827,Camera,Temperature,70.76
2025-06-07 12:32:13.949443,7420,Light,Motion,49.3
2025-06-07 12:32:13.949443,4169,Light,Humidity,34.7
2025-06-08 12:32:13.949443,8589,Light,Motion,59.53
2025-06-12 12:32:13.949443,1180,Thermostat,Temperature,53.38
2025-06-12 12:32:13.949443,6393,Sensor,Light,29.06
2025-06-15 12:32:13.949443,9737,Thermostat,Temperature,58.36
2025-06-16 12:32:13.949443,6500,Camera,Motion,24.14
2025-06-18 12:32:13.949443,6924,Thermostat,Humidity,97.07
2025-06-19 12:32:13.949443,7731,Camera,Motion,85.83
2025-06-20 12:32:13.949443,9519,Sensor,Temperature,89.53
2025-06-20 12:32:13.949443,9945,Thermostat,Light,14.84
2025-06-23 12:32:13.949443,8306,Sensor,Motion,37.15
2025-06-23 12:32:13.949443,4774,Thermostat,Motion,49.96
2025-06-24 12:32:13.949443,6712,Sensor,Motion,83.48
2025-06-24 12:32:13.949443,9263,Light,Temperature,76.93
2025-06-24 12:32:13.949443,1200,Camera,Motion,76.54
2025-06-25 12:32:13.949443,5978,Camera,Humidity,30.81
2025-06-25 12:32:13.949443,1490,Sensor,Humidity,10.87
2025-06-26 12:32:13.949443,2449,Thermostat,Temperature,44.07
2025-06-27 12:32:13.949443,8671,Thermostat,Light,53.83
2025-06-30 12:32:13.949443,5777,Camera,Motion,25.62
2025-06-30 12:32:13.949443,4094,Camera,Motion,60.04
2025-07-03 12:32:13.949443,5185,Sensor,Motion,97.6
2025-07-03 12:32:13.949443,8537,Thermostat,Humidity,49.28
2025-07-04 12:32:13.949443,5998,Light,Motion,91.26
2025-07-06 12:32:13.949443,8679,Camera,Temperature,30.46
2025-07-08 12:32:13.949443,4428,Camera,Motion,73.56
2025-07-09 12:32:13.949443,9447,Camera,Light,73.06
2025-07-11 12:32:13.949443,8604,Light,Temperature,50.03
2025-07-14 12:32:13.949443,3346,Light,Motion,52.32
2025-07-15 12:32:13.949443,3251,Camera,Humidity,34.98
2025-07-15 12:32:13.949443,2118,Thermostat,Humidity,88.64
2025-07-18 12:32:13.949443,5504,Light,Humidity,38.45
2025-07-19 12:32:13.949443,5844,Light,Light,58.37
2025-07-20 12:32:13.949443,8146,Light,Motion,39.33
2025-07-22 12:32:13.949443,4316,Thermostat,Humidity,73.57
2025-07-23 12:32:13.949443,3184,Thermostat,Temperature,85.9
2025-07-23 12:32:13.949443,1532,Thermostat,Motion,82.84
2025-07-23 12:32:13.949443,9227,Sensor,Humidity,48.27
2025-07-24 12:32:13.949443,8656,Light,Humidity,18.11
2025-07-24 12:32:13.949443,6652,Camera,Motion,76.97
2025-07-24 12:32:13.949443,8062,Sensor,Temperature,96.67
2025-07-24 12:32:13.949443,4853,Camera,Humidity,52.92
2025-07-25 12:32:13.949443,5620,Light,Motion,65.01
2025-07-26 12:32:13.949443,2573,Light,Motion,22.75
2025-07-26 12:32:13.949443,2319,Camera,Temperature,37.92
2025-07-27 12:32:13.949443,3948,Camera,Temperature,64.64
2025-07-27 12:32:13.949443,1649,Light,Light,61.57
2025-07-28 12:32:13.949443,9217,Sensor,Motion,91.81
2025-07-28 12:32:13.949443,2520,Camera,Motion,19.91
2025-07-29 12:32:13.949443,5164,Camera,Light,57.13
2025-07-30 12:32:13.949443,4483,Light,Motion,69.54
2025-07-30 12:32:13.949443,5336,Thermostat,Motion,18.68
2025-08-03 12:32:13.949443,7566,Sensor,Light,11.07
2025-08-04 12:32:13.949443,6401,Light,Motion,28.54
2025-08-05 12:32:13.949443,5369,Thermostat,Temperature,36.02
2025-08-05 12:32:13.949443,8896,Sensor,Motion,93.46
2025-08-05 12:32:13.949443,8361,Camera,Humidity,54.61
2025-08-08 12:32:13.949443,5017,Thermostat,Motion,30.24
2025-08-09 12:32:13.949443,3417,Sensor,Humidity,67.16
2025-08-10 12:32:13.949443,7016,Camera,Motion,97.31
2025-08-10 12:32:13.949443,3785,Camera,Temperature,53.48
2025-08-13 12:32:13.949443,3772,Sensor,Motion,13.1
2025-08-13 12:32:13.949443,6166,Thermostat,Humidity,92.57
2025-08-14 12:32:13.949443,3533,Light,Humidity,49.85
2025-08-14 12:32:13.949443,5640,Sensor,Light,24.51
2025-08-16 12:32:13.949443,8815,Light,Humidity,12.79
2025-08-16 12:32:13.949443,3412,Light,Motion,33.37
2025-08-16 12:32:13.949443,1522,Thermostat,Light,26.35
2025-08-16 12:32:13.949443,9814,Light,Humidity,68.61
2025-08-17 12:32:13.949443,2370,Thermostat,Humidity,51.45
2025-08-18 12:32:13.949443,2278,Thermostat,Humidity,26.69
2025-08-18 12:32:13.949443,8685,Camera,Temperature,58.64
2025-08-19 12:32:13.949443,6333,Camera,Temperature,83.61
2025-08-20 12:32:13.949443,5716,Light,Humidity,72.75
2025-08-21 12:32:13.949443,8798,Light,Light,98.71
2025-08-22 12:32:13.949443,8506,Thermostat,Motion,71.99
2025-08-22 12:32:13.949443,5109,Sensor,Temperature,89.34
2025-08-23 12:32:13.949443,5631,Sensor,Temperature,50.88
2025-08-23 12:32:13.949443,2554,Camera,Motion,48.74
2025-08-23 12:32:13.949443,2684,Light,Humidity,54.32
2025-08-24 12:32:13.949443,8219,Thermostat,Motion,99.23
2025-08-25 12:32:13.949443,8687,Thermostat,Temperature,74.88
2025-08-25 12:32:13.949443,6641,Light,Humidity,58.42
2025-08-29 12:32:13.949443,9118,Sensor,Light,51.04
2025-08-29 12:32:13.949443,5238,Camera,Temperature,11.98
2025-08-31 12:32:13.949443,7024,Light,Motion,82.53
2025-09-01 12:32:13.949443,2123,Thermostat,Temperature,91.68
2025-09-01 12:32:13.949443,1536,Camera,Light,36.12
2025-09-02 12:32:13.949443,3830,Camera,Temperature,60.64
2025-09-02 12:32:13.949443,9844,Light,Motion,73.49
2025-09-03 12:32:13.949443,1776,Camera,Motion,27.17
2025-09-04 12:32:13.949443,1787,Camera,Humidity,41.75
2025-09-04 12:32:13.949443,7759,Thermostat,Temperature,36.57
2025-09-05 12:32:13.949443,2558,Thermostat,Motion,31.59
2025-09-06 12:32:13.949443,3280,Camera,Motion,54.24
2025-09-07 12:32:13.949443,8235,Sensor,Motion,21.71
2025-09-09 12:32:13.949443,1131,Light,Motion,64.01
2025-09-10 12:32:13.949443,6183,Light,Motion,41.49
2025-09-10 12:32:13.949443,4863,Sensor,Temperature,92.67
2025-09-11 12:32:13.949443,2491,Camera,Temperature,82.46
2025-09-12 12:32:13.949443,8458,Light,Humidity,19.02
2025-09-13 12:32:13.949443,9721,Camera,Temperature,34.35
2025-09-14 12:32:13.949443,1085,Sensor,Humidity,21.24
2025-09-15 12:32:13.949443,6213,Thermostat,Humidity,25.53
2025-09-15 12:32:13.949443,1904,Sensor,Light,83.82
2025-09-19 12:32:13.949443,2447,Camera,Temperature,99.23
2025-09-21 12:32:13.949443,2228,Sensor,Light,34.35
2025-09-22 12:32:13.949443,8210,Light,Motion,67.36
2025-09-23 12:32:13.949443,2282,Light,Light,49.56
2025-09-24 12:32:13.949443,6438,Sensor,Light,90.24
2025-09-24 12:32:13.949443,5669,Camera,Temperature,69.04
2025-09-24 12:32:13.949443,6820,Camera,Temperature,58.98
2025-09-24 12:32:13.949443,2360,Light,Humidity,35.07
2025-09-25 12:32:13.949443,1793,Thermostat,Temperature,95.81
2025-10-01 12:32:13.949443,4293,Sensor,Temperature,37.17
2025-10-03 12:32:13.949443,2577,Thermostat,Motion,31.85
2025-10-04 12:32:13.949443,9787,Light,Light,95.07
2025-10-05 12:32:13.949443,4838,Light,Humidity,77.44
2025-10-05 12:32:13.949443,5174,Light,Temperature,90.77
2025-10-05 12:32:13.949443,5624,Thermostat,Motion,46.09
2025-10-06 12:32:13.949443,9737,Camera,Motion,42.44
2025-10-07 12:32:13.949443,9548,Camera,Temperature,13.7
2025-10-08 12:32:13.949443,8349,Light,Temperature,28.65
2025-10-09 12:32:13.949443,8782,Thermostat,Motion,98.12
2025-10-09 12:32:13.949443,8213,Camera,Motion,47.72
2025-10-11 12:32:13.949443,8325,Thermostat,Temperature,33.79
2025-10-13 12:32:13.949443,4391,Thermostat,Light,92.29
2025-10-14 12:32:13.949443,6966,Light,Temperature,60.38
2025-10-15 12:32:13.949443,5720,Camera,Humidity,56.56
2025-10-15 12:32:13.949443,4191,Thermostat,Light,96.72
2025-10-15 12:32:13.949443,9298,Light,Temperature,18.93
2025-10-16 12:32:13.949443,9940,Thermostat,Temperature,41.76
2025-10-17 12:32:13.949443,5374,Sensor,Temperature,50.36
2025-10-18 12:32:13.949443,2431,Thermostat,Humidity,56.65
2025-10-21 12:32:13.949443,6747,Camera,Motion,92.65
2025-10-21 12:32:13.949443,6111,Thermostat,Motion,82.01
2025-10-22 12:32:13.949443,3496,Sensor,Light,51.88
2025-10-22 12:32:13.949443,3856,Sensor,Temperature,74.71
2025-10-24 12:32:13.949443,4856,Sensor,Temperature,41.07
2025-10-25 12:32:13.949443,6262,Light,Light,44.82
2025-10-26 12:32:13.949443,9024,Sensor,Motion,37.99
2025-10-27 12:32:13.949443,8619,Thermostat,Motion,92.72
2025-10-27 12:32:13.949443,6661,Sensor,Motion,43.19
2025-10-31 12:32:13.949443,4877,Light,Light,95.16
2025-11-01 12:32:13.949443,2978,Sensor,Temperature,81.79
2025-11-01 12:32:13.949443,7941,Thermostat,Temperature,40.71
2025-11-02 12:32:13.949443,5187,Light,Motion,58.7
2025-11-08 12:32:13.949443,9638,Light,Light,61.6
2025-11-08 12:32:13.949443,6169,Sensor,Temperature,90.83
2025-11-08 12:32:13.949443,5539,Camera,Light,86.8
2025-11-08 12:32:13.949443,8849,Sensor,Light,68.16
2025-11-09 12:32:13.949443,9839,Light,Humidity,63.72
2025-11-12 12:32:13.949443,2158,Camera,Humidity,59.0
2025-11-13 12:32:13.949443,5832,Thermostat,Temperature,18.73
2025-11-13 12:32:13.949443,1209,Camera,Temperature,62.4
2025-11-13 12:32:13.949443,2243,Light,Motion,24.53
2025-11-14 12:32:13.949443,7864,Thermostat,Humidity,52.09
2025-11-15 12:32:13.949443,6002,Light,Light,68.97
2025-11-15 12:32:13.949443,3426,Sensor,Motion,59.66
2025-11-16 12:32:13.949443,7447,Thermostat,Motion,69.99
2025-11-16 12:32:13.949443,4860,Camera,Humidity,68.85
2025-11-16 12:32:13.949443,2765,Light,Temperature,49.55
2025-11-17 12:32:13.949443,3426,Light,Light,17.51
2025-11-20 12:32:13.949443,5756,Camera,Motion,84.81
2025-11-20 12:32:13.949443,1071,Light,Motion,66.32
2025-11-21 12:32:13.949443,8685,Camera,Motion,42.05
2025-11-22 12:32:13.949443,7751,Thermostat,Motion,82.3
2025-11-22 12:32:13.949443,3256,Thermostat,Motion,64.63
2025-11-24 12:32:13.949443,5506,Sensor,Motion,85.76
2025-11-25 12:32:13.949443,9852,Camera,Temperature,80.85
2025-11-26 12:32:13.949443,5344,Camera,Light,92.62
2025-11-26 12:32:13.949443,6642,Sensor,Humidity,17.27
2025-11-27 12:32:13.949443,1710,Camera,Light,47.31
2025-11-27 12:32:13.949443,6024,Camera,Temperature,95.44
2025-11-29 12:32:13.949443,3894,Camera,Temperature,77.51
2025-11-30 12:32:13.949443,6886,Sensor,Light,72.63
